Driver,PitLap,Stint,Compound,Year,GP
VER,14.0,1.0,SOFT,2023,Bahrain
VER,36.0,2.0,SOFT,2023,Bahrain
GAS,9.0,1.0,SOFT,2023,Bahrain
GAS,25.0,2.0,HARD,2023,Bahrain
GAS,40.0,3.0,HARD,2023,Bahrain
PER,17.0,1.0,SOFT,2023,Bahrain
PER,34.0,2.0,SOFT,2023,Bahrain
ALO,14.0,1.0,SOFT,2023,Bahrain
ALO,34.0,2.0,HARD,2023,Bahrain
LEC,13.0,1.0,SOFT,2023,Bahrain
LEC,33.0,2.0,HARD,2023,Bahrain
STR,15.0,1.0,SOFT,2023,Bahrain
STR,30.0,2.0,HARD,2023,Bahrain
SAR,12.0,1.0,SOFT,2023,Bahrain
SAR,30.0,2.0,SOFT,2023,Bahrain
SAR,40.0,3.0,HARD,2023,Bahrain
MAG,15.0,1.0,HARD,2023,Bahrain
MAG,29.0,2.0,HARD,2023,Bahrain
MAG,40.0,3.0,SOFT,2023,Bahrain
DEV,11.0,1.0,SOFT,2023,Bahrain
DEV,27.0,2.0,HARD,2023,Bahrain
TSU,10.0,1.0,SOFT,2023,Bahrain
TSU,26.0,2.0,HARD,2023,Bahrain
TSU,40.0,3.0,HARD,2023,Bahrain
ALB,11.0,1.0,SOFT,2023,Bahrain
ALB,26.0,2.0,SOFT,2023,Bahrain
ALB,40.0,3.0,HARD,2023,Bahrain
ZHO,12.0,1.0,SOFT,2023,Bahrain
ZHO,32.0,2.0,HARD,2023,Bahrain
ZHO,54.0,3.0,SOFT,2023,Bahrain
HUL,11.0,1.0,SOFT,2023,Bahrain
HUL,26.0,2.0,HARD,2023,Bahrain
HUL,40.0,3.0,HARD,2023,Bahrain
OCO,12.0,1.0,SOFT,2023,Bahrain
OCO,15.0,2.0,HARD,2023,Bahrain
OCO,32.0,3.0,HARD,2023,Bahrain
OCO,41.0,4.0,HARD,2023,Bahrain
NOR,10.0,1.0,SOFT,2023,Bahrain
NOR,17.0,2.0,HARD,2023,Bahrain
NOR,27.0,3.0,SOFT,2023,Bahrain
NOR,37.0,4.0,MEDIUM,2023,Bahrain
NOR,47.0,5.0,HARD,2023,Bahrain
NOR,54.0,6.0,SOFT,2023,Bahrain
HAM,12.0,1.0,SOFT,2023,Bahrain
HAM,30.0,2.0,HARD,2023,Bahrain
SAI,13.0,1.0,SOFT,2023,Bahrain
SAI,31.0,2.0,HARD,2023,Bahrain
RUS,13.0,1.0,SOFT,2023,Bahrain
RUS,31.0,2.0,HARD,2023,Bahrain
BOT,11.0,1.0,SOFT,2023,Bahrain
BOT,29.0,2.0,HARD,2023,Bahrain
PIA,13.0,1.0,SOFT,2023,Bahrain
VER,17.0,1.0,SOFT,2024,Bahrain
VER,37.0,2.0,HARD,2024,Bahrain
PER,12.0,1.0,SOFT,2024,Bahrain
PER,36.0,2.0,HARD,2024,Bahrain
SAI,14.0,1.0,SOFT,2024,Bahrain
SAI,35.0,2.0,HARD,2024,Bahrain
LEC,11.0,1.0,SOFT,2024,Bahrain
LEC,34.0,2.0,HARD,2024,Bahrain
RUS,11.0,1.0,SOFT,2024,Bahrain
RUS,31.0,2.0,HARD,2024,Bahrain
NOR,13.0,1.0,SOFT,2024,Bahrain
NOR,33.0,2.0,HARD,2024,Bahrain
HAM,12.0,1.0,SOFT,2024,Bahrain
HAM,33.0,2.0,HARD,2024,Bahrain
PIA,12.0,1.0,SOFT,2024,Bahrain
PIA,34.0,2.0,HARD,2024,Bahrain
ALO,15.0,1.0,SOFT,2024,Bahrain
ALO,41.0,2.0,HARD,2024,Bahrain
STR,9.0,1.0,SOFT,2024,Bahrain
STR,27.0,2.0,HARD,2024,Bahrain
ZHO,9.0,1.0,SOFT,2024,Bahrain
ZHO,28.0,2.0,HARD,2024,Bahrain
MAG,11.0,1.0,SOFT,2024,Bahrain
MAG,32.0,2.0,HARD,2024,Bahrain
RIC,13.0,1.0,SOFT,2024,Bahrain
RIC,35.0,2.0,HARD,2024,Bahrain
TSU,14.0,1.0,SOFT,2024,Bahrain
TSU,34.0,2.0,HARD,2024,Bahrain
ALB,15.0,1.0,SOFT,2024,Bahrain
ALB,36.0,2.0,HARD,2024,Bahrain
HUL,1.0,1.0,SOFT,2024,Bahrain
HUL,20.0,2.0,HARD,2024,Bahrain
HUL,41.0,3.0,HARD,2024,Bahrain
OCO,10.0,1.0,SOFT,2024,Bahrain
OCO,30.0,2.0,HARD,2024,Bahrain
GAS,12.0,1.0,SOFT,2024,Bahrain
GAS,31.0,2.0,HARD,2024,Bahrain
GAS,43.0,3.0,HARD,2024,Bahrain
BOT,12.0,1.0,SOFT,2024,Bahrain
BOT,30.0,2.0,HARD,2024,Bahrain
SAR,10.0,1.0,SOFT,2024,Bahrain
SAR,28.0,2.0,HARD,2024,Bahrain
SAR,40.0,3.0,HARD,2024,Bahrain
VER,55.0,1.0,MEDIUM,2023,Monaco
GAS,47.0,1.0,HARD,2023,Monaco
GAS,54.0,2.0,MEDIUM,2023,Monaco
PER,1.0,1.0,MEDIUM,2023,Monaco
PER,34.0,2.0,HARD,2023,Monaco
PER,53.0,3.0,MEDIUM,2023,Monaco
PER,57.0,4.0,INTERMEDIATE,2023,Monaco
PER,70.0,5.0,WET,2023,Monaco
ALO,54.0,1.0,HARD,2023,Monaco
ALO,55.0,2.0,MEDIUM,2023,Monaco
LEC,44.0,1.0,HARD,2023,Monaco
LEC,55.0,2.0,MEDIUM,2023,Monaco
STR,51.0,1.0,HARD,2023,Monaco
SAR,20.0,1.0,MEDIUM,2023,Monaco
SAR,23.0,2.0,HARD,2023,Monaco
SAR,52.0,3.0,SOFT,2023,Monaco
MAG,56.0,1.0,HARD,2023,Monaco
MAG,71.0,2.0,WET,2023,Monaco
DEV,53.0,1.0,MEDIUM,2023,Monaco
TSU,53.0,1.0,MEDIUM,2023,Monaco
ALB,18.0,1.0,MEDIUM,2023,Monaco
ALB,52.0,2.0,HARD,2023,Monaco
ZHO,1.0,1.0,SOFT,2023,Monaco
ZHO,52.0,2.0,HARD,2023,Monaco
HUL,1.0,1.0,MEDIUM,2023,Monaco
HUL,54.0,2.0,HARD,2023,Monaco
HUL,59.0,3.0,INTERMEDIATE,2023,Monaco
OCO,32.0,1.0,MEDIUM,2023,Monaco
OCO,54.0,2.0,HARD,2023,Monaco
NOR,50.0,1.0,MEDIUM,2023,Monaco
NOR,54.0,2.0,HARD,2023,Monaco
HAM,31.0,1.0,MEDIUM,2023,Monaco
HAM,54.0,2.0,HARD,2023,Monaco
SAI,33.0,1.0,HARD,2023,Monaco
SAI,55.0,2.0,MEDIUM,2023,Monaco
RUS,54.0,1.0,HARD,2023,Monaco
BOT,51.0,1.0,HARD,2023,Monaco
PIA,54.0,1.0,HARD,2023,Monaco
LEC,1.0,1.0,MEDIUM,2024,Monaco
PIA,1.0,1.0,MEDIUM,2024,Monaco
SAI,1.0,1.0,MEDIUM,2024,Monaco
NOR,1.0,1.0,MEDIUM,2024,Monaco
RUS,1.0,1.0,HARD,2024,Monaco
VER,1.0,1.0,HARD,2024,Monaco
VER,52.0,2.0,MEDIUM,2024,Monaco
HAM,1.0,1.0,HARD,2024,Monaco
HAM,51.0,2.0,MEDIUM,2024,Monaco
TSU,1.0,1.0,MEDIUM,2024,Monaco
ALB,1.0,1.0,MEDIUM,2024,Monaco
GAS,1.0,1.0,HARD,2024,Monaco
ALO,1.0,1.0,HARD,2024,Monaco
RIC,1.0,1.0,MEDIUM,2024,Monaco
BOT,1.0,1.0,HARD,2024,Monaco
BOT,15.0,2.0,MEDIUM,2024,Monaco
STR,1.0,1.0,HARD,2024,Monaco
STR,42.0,2.0,MEDIUM,2024,Monaco
STR,48.0,3.0,HARD,2024,Monaco
SAR,1.0,1.0,HARD,2024,Monaco
SAR,57.0,2.0,HARD,2024,Monaco
ZHO,1.0,1.0,MEDIUM,2024,Monaco
ZHO,70.0,2.0,HARD,2024,Monaco
